Model,Features,RMSE,MAE,R²
Elastic Net,SES-only,0.8654862706664844,0.6616832006620083,0.8617752940989186
Elastic Net,Full,0.8591030828150349,0.6556594506942385,0.8638066622301516
Random Forest,SES-only,0.8064266194459642,0.611305087659767,0.8799961944327888
Random Forest,Full,0.7993678891534434,0.6054917717775943,0.8820878099987567
XGBoost,SES-only,0.777108092934755,0.5877093367549092,0.8885633181046757
XGBoost,Full,0.7664998340206133,0.577527288748201,0.8915849838388902
